belas;eevee;ep seeds;3;02;DEQ121746152;Germany
Mutilated Lips;Ween;The Mollusk;3;49;USEE19701305;United States of America
It Wasn't Me;Shaggy;Hot Shot (International Version #2);3;48;USMC10000393;United States of America
Om Muni;MC Xander;Hymns;6;24;TCADW1833724;Turks and Caicos Islands
Believe in Yrslf;Weeding Dub;Inna Digital Age;4;50;FRV661300002;France
Moon Juice;Thriftworks;Hydromancy;4;08;TCADD1794694;Turks and Caicos Islands
hold up;eevee;beat tape 05;2;06;DEQ121753506;Germany
Jailhouse Blues;Smokey Joe & The Kid;Smokid Inc.;3;36;FRPHC1500023;France
Warrior (RMX) - Part 1;Mr Zebre;Digital Dubplate, Vol. 4 (feat. Dixie Peach);3;31;CH6541763802;Switzerland
Trickin' upon Di (Track Remix) [feat. Panda Dub];Mahom;The Skankin' cat;5;29;FR26V1508755;France
Halleluja;Audio88;Halleluja;3;54;DEQ121639268;Germany
R.A.S.T.A.F.A.R.I.;Vibronics;R.A.S.T.A.F.A.R.I./ I Am What I Am;3;36;GBLJF0504301;United Kingdom
High Power;Mr Zebre;Shadows;2;56;FR9W11619649;France
Resonance;Tetra Hydro K;Dirty Wawash;4;53;FR6V80763186;France
Luna Llena;Brain Damage;Luna Llena;4;24;FR92U1800360;France
Resist Not Evil;Protoje;Militancy Riddim;3;22;JMA271300838;Jamaica
A Mi Lado;Taiwan MC;Cool & Deadly;4;02;FRP7S1600030;France
Control Your Tempa;Jahneration;Jahneration;3;30;FR8Q21603006;France
One Last Dance;Taiwan MC;One Last Dance;4;15;FR26V1409166;France
Sail - Unlimited Gravity Remix;AWOLNATION;RE/Sail;5;50;USP6L1180110;United States of America
Ghostwriter;RJD2;Deadringer: Deluxe;5;18;USA4T0403506;United States of America
Peaceful Life (feat. Lorine Chia);Guts;Eternal;4;06;FR4EO1600021;France
And the Living Is Easy;Guts;Guts (Le Bienheureux);5;13;FRQ040700041;France
Outta Your Head;Radioinactive;The Akashic Record;4;02;QMQ9Q1200004;missing
Soon;Martin Jondo;Pink Flowers;3;21;DEOL51500024;Germany
The Global Village;Nickodemus;Endangered Species;4;51;USCCW0510022;United States of America
Soul Searching;Dafuniks;Past Present Future...;3;47;FRO5P1400040;France
Liar;Chinese Man;Shikantaza;4;26;FRP7S1600310;France
Do You Do You?;Nickodemus;A Long Engagement;3;26;USCCW1610760;United States of America
Chapinero;Thornato;Bennu;3;42;USCCW1610531;United States of America
Music Soljah;DJ Vadim;Dubcatcher, Vol. 2 (Wicked My Yout);5;37;FR2EI1503050;France
The Crow;Nickodemus;The Crow;5;55;USCCW1610581;United States of America
Brest Bay;Stand High Patrol;Midnight Walkers;3;19;DEZ651119802;Germany
Pick Me Up (feat. Beat Assailant, Mary May & Wolfgang);Guts;Stop the Violence;6;15;FR4EO1700029;France
Cold Blows the Wind;Ween;The Mollusk;4;28;USEE19701309;United States of America
Somethingness;Busdriver;Temporary Forever;6;08;US25X0801110;United States of America
They Don't Love - Mungos Hifi Remix;DJ Vadim;Dubcatcher, Vol. 2 (Wicked My Yout) [Remixes];4;54;FR2EI1600920;France
Music Man;Nickodemus;A Long Engagement;5;28;USCCW1610763;United States of America
Gnade;Audio88;Halleluja;6;02;DEQ121639272;Germany
Desperate Man - Matthew Herbert Instrumental Remix;Kalabrese;Remixes EP (Matthew Herbert, Acid Pauli, Frank Wiedemann, Canson);7;27;DEM091400078;Germany
Welcome to School;Alec Troniq;Welcome to School;7;04;DEHZ31400905;Germany
Swimswimswim;Tosca;Outta Here;4;12;DEG931400641;Germany
Chrono Trigger;Disrupt;Jahtarian Dubbers, Vol. 4;1;41;DEGT81400271;Germany
Get Up;Chinese Man;Racing With the Sun;4;01;FRP7S1100100;France
Betty;Degiheugi;Endless Smile;3;56;FR26V1521852;France
ORAS;SARO;ORAS;3;24;FR91F1800250;France
Get On Uppa;Waldeck;Gran Paradiso;3;44;ATW631603113;Austria
Las Estrellas;Hippocampe Fou;Céleste;4;53;BEY911500001;Belgium
Maximum (Bassnectar & ill.Gates Remix);DJ Vadim;Timestretch;4;27;US5PM1010013;United States of America
Eli Eli - Maduk Remix;Misun;Maduk Summer Remixes (Liquicity Presents);4;36;NLCK41026457;Netherlands
Aeroplane;Benly;Aeroplane;3;31;TCADR1837806;Turks and Caicos Islands
Indisposed;Deluxe;The Deluxe Family Show;3;39;FRP7S1300029;France
All That Sound;Nu;This Land;9;16;DEY470927114;Germany
Still (Remix);DJ RusLan;Still (Remix);3;19;TCABO1332289;Turks and Caicos Islands
Süßes C;GReeeN;Süßes C;3;41;DELJ81765216;Germany
TIFERET;LSDREAM;VOYAGER;8;35;CA5KR1811543;Canada
Dub in Faluja;Mahom;Fell In;4;03;FR7OZ1700050;France
Bluebird;One Self;Children of Possibility;3;40;GBCFB0501105;United Kingdom
Honey, There's No Time;Feng Suave;Feng Suave;4;21;NLU7R1700002;Netherlands
Supernova Pilot - Original Mix;Dub Fx, Pete Philly & Mr. Woodnote;Supernova Pilot;6;53;DEY470919054;Germany
Surfing the Silvatide;Ancient Astronauts;We Are to Answer;4;19;DEOV41600513;Germany
Time;Charlie P;Ghetto Cycle;4;54;FR5R00908122;France
Rekonkviszta Diszkó;Dé:Nash;Tarsolylemez;3;19;HUUM71900038;Hungary
Peter Pan Death Wish;Melkeveien;Peter Pan Death Wish;4;50;NO2SI1401010;Norway
Pesetas;Rilès;Pesetas;3;14;TCADC1725047;Turks and Caicos Islands
Le prix du paradis;Tiken Jah Fakoly;Dernier Appel;3;17;FRUM71400524;France
Redbone - triple j Like A Version;Northeast Party House;Redbone (triple j Like A Version);3;37;AUAB01700801;Australia
Don't You Know I'm In a Band;Confidence Man;Confident Music for Confident People;3;24;AUZEI1700010;Australia
Daddy Cool;Boney M.;Take The Heat Off Me;3;29;DEC737600002;Germany
Supanova;Brother Culture;Supanova;6;22;FRX201851993;France
Family;Jahneration;Mic Sessions;2;51;FR8Q21801002;France
Ghetto Youths;Jahneration;The Foreword;4;31;FR6V81469556;France
A Hot Day;Babyhead;Heavy Weather;4;01;USQY51710491;United States of America
They Want (feat. Skarra Mucci);Dub Inc.;Paradise;4;43;FR3DJ1300060;France
Glory to God;Wayne Marshall;Glory to God;4;04;USA2P1834876;United States of America
Washington Square;Chinese Man;Groove Sessions;4;11;FR6V80627178;France
One & Only;L'Entourloop;Le savoir faire;4;03;FR2R01700730;France
Seek King Ras Tafari;Jah Melodie;Seek King Ras Tafari 7';3;45;FR6V80786927;France
What the Hell;Lucille Crew;Restless Mind / Exhausted Body;3;08;IL6261500003;Israel
Outta Road;Naâman;Rays of Resistance;3;33;FR2EI1502570;France
Ask Yourself - Original Mix;Foreign Concept;Make Meals EP;5;51;GBVPL1400020;United Kingdom
Elevator;JPattersson;Ruehn;3;31;DEU671602111;Germany
Earthwalker;Radikal Guru;Subconscious;4;50;PLE351300028;Poland
Atlas;Battles;Mirrored;7;07;GBBPW0700009;United Kingdom
Warten auf Korg;AKA AKA;Connected;6;14;DECY51524404;Germany
EchoSysDub;Danakil;Danakil Meets ONDUBGROUND;4;01;FRPGB1702980;France
Nyitány;Monika Juhasz-miczura;A Dzsungel Könyve / Jungle Book;4;46;HUAC60502455;Hungary
O-Yasumi Nasai;Ben Murray-Smith;The Opposite of Opposite;4;02;usdy41793632;missing
Ganjatherapie;Raggabund;Erste Welt;3;56;ATI211508508;Austria
Terrorist;Karma;Terrorist;5;28;USQY51621637;United States of America
Wild! Crazy! Loco!;Dr. Syntax;Elaborate Anoraks;2;57;GB2X71100048;United Kingdom
Stoned;Heymoonshaker;Noir;4;11;FR9W11511649;France
Trippin';Smokey Joe & The Kid;Nasty Tricks;4;21;FR6V81614193;France
