eevee;Germany;Europe
Ween;United States of America;North America
Shaggy;United States of America;North America
MC Xander;Turks and Caicos Islands;North America
Weeding Dub;France;Europe
Thriftworks;Turks and Caicos Islands;North America
eevee;Germany;Europe
Smokey Joe & The Kid;France;Europe
Mr Zebre;Switzerland;Europe
Mahom;France;Europe
Audio88;Germany;Europe
Vibronics;United Kingdom;Europe
Mr Zebre;France;Europe
Tetra Hydro K;France;Europe
Brain Damage;France;Europe
Protoje;Jamaica;North America
Taiwan MC;France;Europe
Jahneration;France;Europe
Taiwan MC;France;Europe
AWOLNATION;United States of America;North America
RJD2;United States of America;North America
Guts;France;Europe
Guts;France;Europe
Radioinactive;missing;missing
Martin Jondo;Germany;Europe
Nickodemus;United States of America;North America
Dafuniks;France;Europe
Chinese Man;France;Europe
Nickodemus;United States of America;North America
Thornato;United States of America;North America
DJ Vadim;France;Europe
Nickodemus;United States of America;North America
Stand High Patrol;Germany;Europe
Guts;France;Europe
Ween;United States of America;North America
Busdriver;United States of America;North America
DJ Vadim;France;Europe
Nickodemus;United States of America;North America
Audio88;Germany;Europe
Kalabrese;Germany;Europe
Alec Troniq;Germany;Europe
Tosca;Germany;Europe
Disrupt;Germany;Europe
Chinese Man;France;Europe
Degiheugi;France;Europe
SARO;France;Europe
Waldeck;Austria;Europe
Hippocampe Fou;Belgium;Europe
DJ Vadim;United States of America;North America
Misun;Netherlands;Europe
Benly;Turks and Caicos Islands;North America
Deluxe;France;Europe
Nu;Germany;Europe
DJ RusLan;Turks and Caicos Islands;North America
GReeeN;Germany;Europe
LSDREAM;Canada;North America
Mahom;France;Europe
One Self;United Kingdom;Europe
Feng Suave;Netherlands;Europe
Dub Fx, Pete Philly & Mr. Woodnote;Germany;Europe
Ancient Astronauts;Germany;Europe
Charlie P;France;Europe
Dé:Nash;Hungary;Europe
Melkeveien;Norway;Europe
Rilès;Turks and Caicos Islands;North America
Tiken Jah Fakoly;France;Europe
Northeast Party House;Australia;Oceania
Confidence Man;Australia;Oceania
Boney M.;Germany;Europe
Brother Culture;France;Europe
Jahneration;France;Europe
Jahneration;France;Europe
Babyhead;United States of America;North America
Dub Inc.;France;Europe
Wayne Marshall;United States of America;North America
Chinese Man;France;Europe
L'Entourloop;France;Europe
Jah Melodie;France;Europe
Lucille Crew;Israel;Asia
Naâman;France;Europe
Foreign Concept;United Kingdom;Europe
JPattersson;Germany;Europe
Radikal Guru;Poland;Europe
Battles;United Kingdom;Europe
AKA AKA;Germany;Europe
Danakil;France;Europe
Monika Juhasz-miczura;Hungary;Europe
Ben Murray-Smith;missing;missing
Raggabund;Austria;Europe
Karma;United States of America;North America
Dr. Syntax;United Kingdom;Europe
Heymoonshaker;France;Europe
Smokey Joe & The Kid;France;Europe
